{
  "click": { "start": 0, "end": 0.038276643990929705, "loop": false },
  "main-loop": { "start": 2, "end": 146, "loop": false },
  "menu-loop": { "start": 147, "end": 359.21052154195013, "loop": false }
}
